Test,Accuracy,Precision,Recall,F1 Score
1,0.3333333333333333,0.11111111111111109,0.3333333333333333,0.16666666666666666
2,0.3333333333333333,0.11111111111111109,0.3333333333333333,0.16666666666666666
3,0.3333333333333333,0.11111111111111109,0.3333333333333333,0.16666666666666666
4,0.3333333333333333,0.11111111111111109,0.3333333333333333,0.16666666666666666
5,0.3333333333333333,0.11111111111111109,0.3333333333333333,0.16666666666666666
6,0.3333333333333333,0.11111111111111109,0.3333333333333333,0.16666666666666666
7,0.3333333333333333,0.11111111111111109,0.3333333333333333,0.16666666666666666
8,0.3333333333333333,0.11111111111111109,0.3333333333333333,0.16666666666666666
9,0.3333333333333333,0.11111111111111109,0.3333333333333333,0.16666666666666666
10,0.3333333333333333,0.11111111111111109,0.3333333333333333,0.16666666666666666
